CHART:007,assert_int
CHART:005,other
CHART:002,other,other
CHART:018,other,other,other_assert,assert_int
CHART:014,other,other,other,other
CHART:021,other_assert
CHART:015,other_assert
CHART:016,other,other_assert,other,other,other,other,other,other
CHART:019,other_assert,other_assert
CHART:022,other,assert_int,other,other,other,other
CHART:025,other_assert,other_assert,other_assert,other_assert
LANG:003,other_assert
LANG:001,other
LANG:007,error_expected
LANG:012,other,other
LANG:017,other_assert
LANG:015,assert_int,other_assert
LANG:019,other,other
LANG:023,other_assert
LANG:022,assert_int,assert_int
LANG:020,other,other
LANG:030,other_assert,other_assert,other_assert,assert_int,other_assert,assert_int,assert_int,other_assert,assert_int,other_assert
LANG:027,other
LANG:032,assert_null
LANG:034,assert_null,assert_null,assert_null,assert_null,assert_null,assert_null,assert_null,assert_null,assert_null,assert_null,assert_null,assert_null,assert_null,assert_null,assert_null,assert_null,assert_null,assert_null,assert_null,assert_null,assert_null,assert_null,assert_null,assert_null,assert_null,assert_null,assert_null
LANG:035,other
LANG:042,other_assert
LANG:036,other,other_assert
LANG:041,other_assert,other_assert
LANG:047,other,other
LANG:053,other_assert
LANG:050,other_assert,other_assert
LANG:056,other
LANG:062,assert_obj_arr_date
LANG:060,other_assert
LANG:063,assert_obj_arr_date
LANG:065,other_assert
MATH:001,other,other
MATH:007,other_assert
MATH:004,other,other
MATH:014,timeout
MATH:016,assert_float,assert_float
MATH:018,assert_float
MATH:023,other_assert
MATH:021,assert_float,other_assert
MATH:024,other_assert
MATH:026,error_expected
MATH:029,assert_float,assert_float,assert_float
MATH:028,timeout
MATH:035,error_expected,error_expected,error_expected,error_expected
MATH:037,assert_float,assert_float,assert_float,assert_float
MATH:040,timeout
MATH:038,other
MATH:036,assert_float,assert_float
MATH:044,other_assert
MATH:043,assert_float,assert_float,assert_float,assert_float,assert_float,assert_float
MATH:047,other_assert,other_assert
MATH:049,other
MATH:046,other_assert,other_assert
MATH:051,timeout
MATH:055,assert_float
MATH:054,assert_float
MATH:052,assert_float
MATH:062,assert_float
MATH:065,assert_float
MATH:068,assert_float,assert_float
MATH:072,assert_float
MATH:067,assert_float
MATH:074,other_assert
MATH:076,assert_float,assert_float
MATH:081,other
MATH:083,assert_float
MATH:086,error_expected,error_expected
MATH:093,assert_float
MATH:095,other
MATH:098,other,other
MATH:100,other
MATH:102,assert_float,assert_float,assert_float,assert_float,assert_float,assert_float
MATH:099,error_expected,error_expected
MATH:106,other_assert
MOCKITO:003,assert_obj_arr_date,other,other,assert_obj_arr_date,other,assert_obj_arr_date,other,other,other
MOCKITO:004,error_expected,assert_null,error_expected,error_expected
MOCKITO:011,other_assert,other_assert
MOCKITO:017,other
MOCKITO:020,assert_null,other_assert,assert_null,other_assert,assert_null,assert_null,other_assert,assert_null
MOCKITO:023,other
MOCKITO:035,other,other,other,other
TIME:005,other,other,other
TIME:008,other
TIME:006,other_assert,assert_obj_arr_date,other,assert_obj_arr_date,other
TIME:009,other_assert
TIME:012,other_assert,assert_obj_arr_date,other_assert,assert_obj_arr_date,other_assert,assert_obj_arr_date,other_assert,assert_obj_arr_date
TIME:013,other_assert
TIME:017,assert_obj_arr_date
TIME:020,other
TIME:021,assert_obj_arr_date,assert_obj_arr_date
TIME:022,assert_int,assert_int
FasterXML-jackson-databind-195430379-198387397:005,other
FasterXML-jackson-databind-195752461-195777970:007,error_expected,other
FasterXML-jackson-databind-214497429-214500046:010,other
FasterXML-jackson-databind-215036598-215111320:011,other_assert
FasterXML-jackson-databind-215111320-215799347:012,assert_int,assert_null,assert_int,assert_null
FasterXML-jackson-databind-216970075-216985681:013,other
FasterXML-jackson-databind-226666085-226673064:018,other
FasterXML-jackson-databind-233857275-234147085:020,other
FasterXML-jackson-databind-242268513-242687710:023,other_assert
FasterXML-jackson-databind-243509258-243861380:024,timeout
INRIA-spoon-191511078-191595944:031,other_assert,other,other,other_assert
INRIA-spoon-192969999-193004144:033,other
INRIA-spoon-201940544-203101555:040,other,other,other,other,other_assert
INRIA-spoon-204567691-207361743:041,other_assert,other_assert,other_assert
INRIA-spoon-228371032-228407512:050,other
INRIA-spoon-228407512-228634633:051,other
INRIA-spoon-234113323-234113988:054,other
INRIA-spoon-239871875-239928671:062,assert_int,assert_int
INRIA-spoon-240675027-240677764:064,other_assert
INRIA-spoon-241091669-241205460:065,assert_int
INRIA-spoon-244508852-244943489:066,other_assert
INRIA-spoon-270437105-270439051:079,other_assert,other_assert
INRIA-spoon-270439051-271649592:080,other,other_assert
INRIA-spoon-277315604-277340707:083,other
spring-projects-spring-data-commons-303079759-303439729:096,other_assert
spring-projects-spring-data-commons-323136560-323139345:097,other_assert
traccar-traccar-190843415-191103948:099,assert_null
traccar-traccar-198464113-198488474:101,other
traccar-traccar-201008628-201013389:102,other
traccar-traccar-207561899-207563891:103,other_assert,other_assert,other_assert
traccar-traccar-212058933-212061222:104,other
traccar-traccar-216100740-216167822:105,assert_null
traccar-traccar-216189551-216602583:106,assert_null
traccar-traccar-216602583-216605267:107,other
traccar-traccar-222528691-222667430:111,other_assert
traccar-traccar-225874246-226678972:112,assert_null
traccar-traccar-228965242-229298433:113,assert_null
traccar-traccar-233864732-233868407:114,other
traccar-traccar-237845618-237846623:115,other
traccar-traccar-239191142-239340888:116,assert_null
traccar-traccar-241384932-242095240:117,assert_null
traccar-traccar-243199408-243229436:118,other_assert
traccar-traccar-265439859-265542197:123,other_assert,other_assert,other_assert
traccar-traccar-269449386-269490884:126,other_assert
traccar-traccar-273236004-273269445:128,assert_null
traccar-traccar-292295467-292405214:131,other
traccar-traccar-307668730-307760931:134,assert_null
traccar-traccar-308288525-308872339:135,assert_null
traccar-traccar-316227226-316639485:138,other
2018swecapstone-h2ms-356638992-356666847:140,other,other,other
2018swecapstone-h2ms-363210218-363627522:141,other_assert,other
2018swecapstone-h2ms-369561147-369563262:143,other
spring-projects-spring-data-jpa-343344047-343370260:185,other_assert
DataBiosphere-consent-ontology-453433108-453941362:207,assert_int
DmitriiSerikov-money-transfer-service-446104441-446106577:209,assert_null,assert_null
hexagonframework-spring-data-ebean-375829425-451220180:213,other
INRIA-spoon-431373130-431373716:215,other_assert
INRIA-spoon-431601111-431664501:216,other_assert,other_assert,assert_null
INRIA-spoon-455704942-455870305:219,other
jenkinsci-ansicolor-plugin-440438437-449394834:221,other_assert
kmehrunes-valuestreams-438682914-439585987:224,other
opentracing-contrib-java-p6spy-390188323-431527545:230,other
org-tigris-jsapar-jsapar-451004011-451741055:231,assert_obj_arr_date
vkostyukov-la4j-414793864-436911083:250,other_assert,other_assert
CHART:006,assert_obj_arr_date,other_assert
CHART:010,other_assert
CHART:009,other
CHART:008,assert_int
CHART:003,assert_float
CHART:004,other,other,other,other,other,other,other,other,other,other,other,other,other,other,other,other,other,other,other,other,other,other
CHART:001,assert_int
CHART:012,other_assert
CHART:011,other_assert
CHART:013,other
CHART:017,other
CHART:020,other_assert
CHART:026,other_assert,other_assert,other_assert,other_assert,other_assert,other_assert,other_assert,other_assert,other_assert,other_assert,other_assert,other_assert,other_assert,other_assert,other_assert,other_assert,other_assert,other_assert,other_assert,other_assert,other_assert,other_assert
CHART:023,other_assert
CHART:024,other_assert
CLOSURE:003,other_assert,other_assert,other_assert
CLOSURE:007,other_assert,other_assert
CLOSURE:005,other_assert
CLOSURE:006,assert_int,error_expected,assert_int
CLOSURE:002,other
CLOSURE:001,other_assert,other_assert,other_assert,other_assert,other_assert,other_assert,other_assert,other_assert
CLOSURE:004,assert_int,assert_obj_arr_date,timeout
CLOSURE:008,other_assert
CLOSURE:009,other_assert
CLOSURE:011,error_expected,error_expected
CLOSURE:012,other_assert
CLOSURE:010,other_assert
CLOSURE:014,assert_int,other_assert,other_assert
CLOSURE:017,other_assert
CLOSURE:013,other_assert
CLOSURE:021,assert_int
CLOSURE:015,other_assert
CLOSURE:016,error_expected,assert_null
CLOSURE:018,other_assert
CLOSURE:020,other_assert
CLOSURE:019,other
CLOSURE:023,assert_int
CLOSURE:024,assert_int
CLOSURE:022,assert_int
CLOSURE:026,other_assert,other_assert,other_assert,other_assert,other_assert,other_assert,other_assert
CLOSURE:025,other_assert
CLOSURE:027,other,other,other
CLOSURE:029,other_assert,other_assert,other_assert,other_assert,other_assert
CLOSURE:030,other_assert,other_assert,other_assert
CLOSURE:031,other_assert
CLOSURE:032,other_assert,other_assert,other_assert,other_assert
CLOSURE:033,error_expected
CLOSURE:028,assert_int,other_assert
CLOSURE:034,timeout
CLOSURE:035,error_expected
CLOSURE:037,other
CLOSURE:036,other_assert
CLOSURE:039,other_assert,other_assert
CLOSURE:045,other_assert
CLOSURE:038,other_assert
CLOSURE:040,other,other_assert
CLOSURE:042,other_assert
CLOSURE:041,error_expected,other_assert,error_expected
CLOSURE:044,other_assert
CLOSURE:043,other_assert,other_assert
CLOSURE:046,other_assert,other_assert,other_assert
CLOSURE:047,assert_int,other_assert,assert_int,assert_int,other_assert,assert_int,other_assert,assert_int,assert_int,assert_int,assert_int,other_assert,other_assert,other_assert,other_assert,other_assert
CLOSURE:048,error_expected
CLOSURE:049,other_assert,other_assert,other_assert,other_assert,other_assert,other_assert,other_assert,other_assert,other_assert,other_assert,other_assert,other_assert,other_assert,other_assert,other_assert,other_assert,other_assert,other_assert,other_assert,other_assert,other_assert,other_assert,other_assert,other_assert,other_assert,other_assert,other_assert,other_assert,other_assert,other_assert,other_assert,other_assert,other_assert,other_assert,other_assert,other_assert,other_assert,other_assert,other_assert,other_assert,other_assert,other_assert,other_assert,other_assert,other_assert,other_assert,other_assert,other_assert,other_assert,other_assert,other_assert,other_assert,other_assert,other_assert,other_assert,other_assert,other_assert,other_assert,other_assert,other_assert,other_assert,other_assert,other_assert,other_assert,other_assert,other_assert
CLOSURE:050,other_assert,other_assert
CLOSURE:053,other
CLOSURE:051,other_assert
CLOSURE:052,other_assert
CLOSURE:059,error_expected
CLOSURE:055,other_assert
CLOSURE:054,assert_obj_arr_date,assert_obj_arr_date,assert_obj_arr_date
CLOSURE:056,assert_null,other_assert,other_assert
CLOSURE:058,other
CLOSURE:057,assert_null
CLOSURE:062,other_assert,other_assert
CLOSURE:060,other_assert,other_assert
CLOSURE:063,other_assert,other_assert
CLOSURE:061,other_assert,other_assert,other_assert
CLOSURE:064,assert_int
CLOSURE:065,other_assert
CLOSURE:066,assert_float,assert_float
CLOSURE:073,other_assert
CLOSURE:067,other_assert
CLOSURE:074,other_assert,other_assert,other_assert
CLOSURE:071,other_assert,assert_int
CLOSURE:068,error_expected
CLOSURE:069,error_expected,error_expected,error_expected
CLOSURE:070,assert_int,error_expected,error_expected,assert_int,error_expected
CLOSURE:072,other_assert
CLOSURE:076,other_assert,other_assert,other_assert,other_assert
CLOSURE:079,other,other_assert,other_assert,other_assert,other_assert
CLOSURE:077,other_assert
CLOSURE:075,other_assert
CLOSURE:078,assert_int
CLOSURE:083,other_assert
CLOSURE:080,other_assert,other_assert
CLOSURE:081,other_assert
CLOSURE:082,error_expected,other_assert
CLOSURE:085,other_assert,other
CLOSURE:086,other_assert,assert_obj_arr_date,assert_obj_arr_date,assert_obj_arr_date,assert_obj_arr_date,assert_obj_arr_date,assert_obj_arr_date
CLOSURE:084,other_assert
CLOSURE:089,other_assert,other_assert,other_assert,other_assert,other_assert,other_assert,other_assert,other_assert
CLOSURE:088,other_assert,other_assert,other_assert,other_assert,other_assert,other_assert,other_assert
CLOSURE:087,other_assert
CLOSURE:092,other_assert
CLOSURE:095,error_expected,other_assert
CLOSURE:090,error_expected,other_assert
CLOSURE:094,other_assert,assert_int,assert_int
CLOSURE:091,assert_int
CLOSURE:093,other_assert
CLOSURE:097,other_assert
CLOSURE:096,error_expected
CLOSURE:101,other_assert
CLOSURE:100,assert_int,assert_int,assert_int,assert_int,assert_int,assert_int,assert_int,assert_int,assert_int
CLOSURE:098,other_assert
CLOSURE:099,assert_int,assert_int,assert_int
CLOSURE:104,other_assert
CLOSURE:105,other_assert
CLOSURE:106,assert_int,other_assert,other_assert,other
CLOSURE:102,other_assert
CLOSURE:103,assert_int,other_assert,other_assert
CLOSURE:107,error_expected
CLOSURE:108,other
CLOSURE:109,error_expected,error_expected
CLOSURE:117,other_assert
CLOSURE:112,error_expected,error_expected
CLOSURE:114,other_assert
CLOSURE:113,error_expected
CLOSURE:115,other_assert,other_assert,other_assert,other_assert,other_assert,other_assert,other_assert
CLOSURE:116,other_assert,other_assert,other_assert,other_assert,other_assert,other_assert,other_assert,other_assert
CLOSURE:111,other_assert
CLOSURE:110,assert_int,assert_int
CLOSURE:118,other_assert,other_assert
CLOSURE:120,other_assert
CLOSURE:119,error_expected
CLOSURE:121,other_assert
CLOSURE:123,other_assert
CLOSURE:122,other_assert,other_assert,other_assert
CLOSURE:126,other_assert,other_assert
CLOSURE:124,other_assert
CLOSURE:127,other_assert,other_assert,other_assert,other_assert,other_assert,other_assert
CLOSURE:125,other
CLOSURE:128,other_assert
LANG:002,other_assert
LANG:005,other
CLOSURE:130,other_assert
LANG:004,assert_int
CLOSURE:129,other_assert
CLOSURE:132,other_assert
LANG:006,other
CLOSURE:133,other
CLOSURE:131,other_assert,other_assert
LANG:008,other_assert,other_assert
LANG:010,assert_null,other_assert
LANG:011,other_assert
LANG:009,assert_null,other_assert
LANG:013,other
LANG:018,other_assert
LANG:014,other_assert
LANG:016,other
LANG:021,other_assert
LANG:024,other_assert
LANG:026,other_assert
LANG:025,error_expected
LANG:029,assert_int
LANG:028,assert_obj_arr_date
LANG:031,other_assert,other_assert
LANG:033,other
LANG:037,other
LANG:038,other_assert
LANG:043,timeout
LANG:039,other
LANG:040,other_assert
LANG:044,other
LANG:045,other
LANG:048,other_assert
LANG:052,other_assert
LANG:046,other_assert
LANG:051,other
LANG:049,assert_int
LANG:054,other
LANG:057,other,other,other,other,other,other,other,other,other,other,other
LANG:058,other
LANG:064,other_assert
LANG:055,other_assert
LANG:059,other
LANG:061,assert_int,other
MATH:002,other_assert
MATH:003,other
MATH:005,other_assert
MATH:008,other
MATH:011,assert_float
MATH:006,other_assert,other_assert,other_assert,other_assert,other_assert,other_assert,other_assert,other_assert,other_assert,other_assert,other_assert,other_assert,other_assert,other_assert,other_assert,other_assert,other_assert,other_assert,other_assert,other_assert,other_assert,other_assert,other_assert,other_assert,other_assert,other_assert,other_assert,other_assert
MATH:010,assert_float
MATH:012,assert_float,assert_float,assert_float
MATH:009,assert_float
MATH:013,timeout
MATH:015,assert_float
MATH:017,other_assert
MATH:022,other_assert,other_assert
MATH:020,other_assert
MATH:019,error_expected
MATH:030,other_assert
MATH:025,error_expected
MATH:027,assert_float
MATH:031,other,other_assert
MATH:032,other
MATH:033,other_assert
MATH:034,error_expected
MATH:039,other_assert
MATH:042,other_assert
MATH:041,assert_float
MATH:048,error_expected
MATH:050,error_expected
MATH:045,error_expected
MATH:058,other
MATH:059,assert_float
MATH:057,other_assert
MATH:053,other_assert
MATH:061,other
MATH:060,other
MATH:056,assert_int
MATH:063,other_assert
MATH:066,assert_float,other_assert,assert_float,assert_float
MATH:064,assert_float,assert_float
MATH:070,other
MATH:069,other_assert,other_assert
MATH:071,assert_float,assert_float
MATH:073,error_expected
MATH:075,assert_float
MATH:077,assert_float,assert_float
MATH:082,assert_float
MATH:084,other_assert,other
MATH:080,assert_float
MATH:078,other
MATH:079,other
MATH:085,other
MATH:089,other
MATH:087,assert_float
MATH:088,assert_float
MATH:091,assert_int
MATH:094,assert_int
MATH:090,other
MATH:096,assert_obj_arr_date
MATH:092,assert_int
MATH:101,other,other
MATH:105,other_assert
MATH:104,assert_float
MATH:097,other
MATH:103,timeout
MOCKITO:002,other_assert,timeout,other_assert
MOCKITO:001,other,other,other,other,other,other,other,other,other,other,other,other,other,other,other,other,other,other,other,other,other,other,other,other,other,other
MOCKITO:007,other
MOCKITO:010,other
MOCKITO:005,other_assert
MOCKITO:006,assert_null,assert_null,assert_null,assert_null,assert_null,assert_null,assert_null
MOCKITO:009,other,other,other
MOCKITO:008,timeout
MOCKITO:016,other
MOCKITO:015,other_assert
MOCKITO:014,other_assert
MOCKITO:012,other,other,other,other,other,other,other,other,other,other
MOCKITO:013,other_assert
MOCKITO:018,other
MOCKITO:022,other
MOCKITO:019,assert_null
MOCKITO:021,other
MOCKITO:028,other_assert
MOCKITO:024,assert_int,assert_int
MOCKITO:029,assert_null
MOCKITO:025,other,other,other,other,other,other
MOCKITO:027,other_assert
MOCKITO:026,other,assert_int,assert_int,assert_int
MOCKITO:032,other_assert
MOCKITO:031,other_assert
MOCKITO:034,other,other
MOCKITO:036,other,other
MOCKITO:033,other_assert,other_assert
MOCKITO:030,error_expected
MOCKITO:038,other,other
TIME:003,other_assert,other_assert,other_assert,other_assert,other_assert
TIME:001,other_assert
TIME:004,other_assert
MOCKITO:037,other_assert,other_assert
TIME:002,other
TIME:007,other,other
TIME:010,other,other
TIME:011,other_assert
TIME:014,other,other,other,assert_obj_arr_date,assert_obj_arr_date,other,other,other
TIME:015,other_assert
TIME:016,assert_obj_arr_date,assert_obj_arr_date,assert_obj_arr_date,assert_obj_arr_date,assert_obj_arr_date,assert_obj_arr_date,assert_obj_arr_date
TIME:018,other
TIME:019,other_assert
TIME:023,assert_obj_arr_date
TIME:025,other_assert,other_assert,other_assert
TIME:026,other_assert,other_assert,other_assert,assert_obj_arr_date,other_assert,other_assert,other_assert,assert_obj_arr_date
TIME:024,assert_obj_arr_date,assert_obj_arr_date,assert_obj_arr_date,assert_obj_arr_date,assert_obj_arr_date,assert_obj_arr_date,assert_obj_arr_date
TIME:027,other
FasterXML-jackson-databind-176912167-190405643:001,other
FasterXML-jackson-databind-190405643-195044059:002,other
FasterXML-jackson-databind-190406891-190505536:003,other
FasterXML-jackson-databind-195066764-195069327:004,other
FasterXML-jackson-databind-195646489-195752461:006,other,other
FasterXML-jackson-databind-203042777-203306015:008,other
FasterXML-jackson-databind-203649003-204682356:009,other_assert
FasterXML-jackson-databind-221825856-221903238:014,error_expected
FasterXML-jackson-databind-223024976-223291136:015,other_assert
FasterXML-jackson-databind-226276279-226639126:016,other
FasterXML-jackson-databind-226654766-226666085:017,other
FasterXML-jackson-databind-228025083-228873360:019,assert_null
FasterXML-jackson-databind-241044631-241063530:021,other_assert
FasterXML-jackson-databind-241063530-241065840:022,other_assert,other_assert
FasterXML-jackson-databind-247621332-247674379:025,timeout
FasterXML-jackson-databind-318458719-318715551:026,error_expected
INRIA-spoon-189186902-189233591:027,other_assert
INRIA-spoon-189233636-189234660:028,other_assert
INRIA-spoon-190241093-190241752:029,other_assert
INRIA-spoon-190241752-190558172:030,other
INRIA-spoon-192604168-192969999:032,other
INRIA-spoon-193004144-193023299:034,assert_int
INRIA-spoon-196963859-196966996:035,other_assert
INRIA-spoon-197673696-197674087:036,assert_int
INRIA-spoon-197674087-198523383:037,other_assert
INRIA-spoon-199972949-199993301:038,other,other,other
INRIA-spoon-199993301-200108848:039,other_assert,assert_int,assert_int,other_assert,other
INRIA-spoon-210079209-210080599:042,other
INRIA-spoon-211086222-211090498:043,assert_int,assert_int
INRIA-spoon-211090498-211342085:044,other_assert
INRIA-spoon-211342085-211425556:045,other_assert,other_assert
INRIA-spoon-213996751-215500998:046,other
INRIA-spoon-218213030-221992429:047,other_assert
INRIA-spoon-225344336-226528821:048,other
INRIA-spoon-227073271-228362442:049,other
INRIA-spoon-228634633-228649848:052,assert_int
INRIA-spoon-232723487-232809734:053,other_assert,other_assert
INRIA-spoon-234612953-235302726:055,other_assert,other_assert,assert_int,assert_int,other_assert,assert_int,other_assert,other_assert
INRIA-spoon-237078306-237089137:056,other
INRIA-spoon-237133219-237187910:057,other_assert
INRIA-spoon-237507053-237511642:058,other_assert,other_assert
INRIA-spoon-237627560-237821366:059,other_assert,other,other_assert,assert_int,other_assert
INRIA-spoon-238234811-238235509:060,other_assert,other_assert
INRIA-spoon-239865488-239871875:061,other_assert
INRIA-spoon-240253890-240366857:063,other_assert,assert_int,other_assert,other_assert
INRIA-spoon-245681314-245682273:067,other_assert,assert_int
INRIA-spoon-245682273-245809519:068,other_assert,other_assert,other_assert,other_assert
INRIA-spoon-246175274-246195936:069,other_assert
INRIA-spoon-246216583-246226768:070,other
INRIA-spoon-247837075-247951830:071,assert_int,other_assert
INRIA-spoon-248403517-248678183:072,other
INRIA-spoon-249529059-249603843:073,other_assert
INRIA-spoon-254745624-256471804:074,other_assert
INRIA-spoon-259378726-259664281:075,assert_obj_arr_date,other_assert,other_assert
INRIA-spoon-259664281-259695141:076,assert_int
INRIA-spoon-260087947-260197957:077,assert_obj_arr_date
INRIA-spoon-260612138-265581135:078,other
INRIA-spoon-271649592-272084174:081,timeout
INRIA-spoon-272467827-272468614:082,other_assert,other_assert,other_assert,other_assert,other_assert
spring-projects-spring-data-commons-185852074-193313389:084,other
spring-projects-spring-data-commons-193313395-193356189:085,other,other
spring-projects-spring-data-commons-193356189-194423789:086,other_assert,other_assert
spring-projects-spring-data-commons-240714544-241322094:087,other
spring-projects-spring-data-commons-254354007-255142407:088,other,other
spring-projects-spring-data-commons-263410130-263513297:089,other_assert
spring-projects-spring-data-commons-264284792-264335430:090,other_assert
spring-projects-spring-data-commons-271991482-272568125:091,other_assert
spring-projects-spring-data-commons-279152312-279418526:092,other,assert_null,other
spring-projects-spring-data-commons-279460664-280335206:093,assert_null
spring-projects-spring-data-commons-286617333-287128429:094,other_assert
spring-projects-spring-data-commons-289903133-292475109:095,other,assert_null,assert_null,other,other,assert_null
traccar-traccar-188473748-188474474:098,other
traccar-traccar-195128524-195455832:100,assert_null
traccar-traccar-219945896-220224837:108,assert_null
traccar-traccar-220525069-220735965:109,other
traccar-traccar-222468469-222479725:110,assert_int
traccar-traccar-243640798-243870734:119,other
traccar-traccar-248584369-248666173:120,assert_null
traccar-traccar-255051210-255052458:121,other,other,other,other,other,other,other,other,other,other,other,other,other,other,other,other,other,other,other,other,other,other,other,other,other,other,other,other,other,other,other,other,other,other,other,other,other,other,other,other,other,other,other,other,other,other,other,other,other,other,other,other,other,other,other,other,other,other,other,other,other,other,other,other,other,other,other,other,other,other,other,other,other,other,other,other,other,other,other,other,other,other,other,other,other,other,other,other,other,other,other,other,other,other,other,other,other,other,other,other,other,other,other,other,other,other,other,other,other,other,other,other,other,other,other,other,other,other,other,other,other,other,other,other,other,other,other,other,other,other,other,other,other,other,other,other,other,other,other,other,other,other,other,other,other
traccar-traccar-262940348-263330667:122,assert_null
traccar-traccar-267146704-267366528:124,assert_null
traccar-traccar-267371558-268530427:125,other
traccar-traccar-273118899-273136493:127,other
traccar-traccar-274558862-274871026:129,assert_null
traccar-traccar-275432141-275689407:130,assert_null
traccar-traccar-301176898-301185806:132,other_assert
traccar-traccar-305623200-305713931:133,assert_null
traccar-traccar-309459456-309718203:136,other_assert
traccar-traccar-313257147-313260584:137,assert_obj_arr_date
traccar-traccar-322427143-322428590:139,other
Activiti-Activiti-357660134-359342518:142,other_assert,other_assert,other_assert
aicis-fresco-330883035-330923179:144,assert_null
aicis-fresco-335666803-335692003:145,assert_int
aicis-fresco-363993941-363994940:146,error_expected,error_expected
aicis-fresco-370467437-370477490:147,error_expected,timeout
aicis-fresco-370628089-370634151:148,assert_int
apache-incubator-dubbo-329355311-329773929:149,assert_int
apache-incubator-dubbo-347256120-347634018:150,other_assert,other_assert
apache-incubator-dubbo-352635276-352657297:151,other_assert
apache-incubator-dubbo-370383941-370422750:152,other_assert
apache-incubator-servicecomb-java-chassis-330826674-331080091:153,other,other,other,other
apache-incubator-servicecomb-java-chassis-371353019-371886679:154,assert_obj_arr_date
apache-jackrabbit-oak-344414751-344705279:155,other_assert
Blazebit-blaze-persistence-351937208-352045689:156,other
CorfuDB-CorfuDB-330246430-330267605:157,other_assert
cpesch-RouteConverter-331125693-331749933:158,other
debezium-debezium-324021438-324040188:159,other
debezium-debezium-324040188-324047191:160,other
debezium-debezium-325431120-326310450:161,other
debezium-debezium-343712961-343714390:162,assert_obj_arr_date,assert_obj_arr_date
debezium-debezium-351465554-354212780:163,other
debezium-debezium-356786658-357274631:164,other,other,other,other
dhis2-dhis2-core-365246679-365386294:165,assert_int,assert_null
EnMasseProject-enmasse-344863667-344945686:166,other_assert
EnMasseProject-enmasse-344945686-344976598:167,error_expected,error_expected
EnMasseProject-enmasse-357424637-357457887:168,assert_null,assert_null
linkedin-pinot-342188288-342446553:169,other
molgenis-molgenis-336061452-336065127:170,assert_null,assert_null
molgenis-molgenis-361210220-361993202:171,error_expected,error_expected
molgenis-molgenis-361993202-362486982:172,other,assert_null
molgenis-molgenis-362517584-362989296:173,error_expected
molgenis-molgenis-367638811-367645808:174,other
molgenis-molgenis-369514407-370006117:175,error_expected
openzipkin-zipkin-332209085-332270677:176,timeout
raphw-byte-buddy-352481508-352894244:177,other_assert
raphw-byte-buddy-357569370-357575635:178,error_expected
raphw-byte-buddy-363589915-364299280:179,other_assert,other_assert,other_assert
spring-cloud-spring-cloud-gcp-330973656-330980388:180,other
spring-cloud-spring-cloud-gcp-353059531-353471273:181,other
spring-cloud-spring-cloud-gcp-365341004-365349415:182,other
spring-cloud-spring-cloud-gcp-367417648-367667323:183,other_assert
spring-projects-spring-data-jpa-341944401-342236799:184,other
swagger-api-swagger-codegen-331677749-331695545:186,other_assert
swagger-api-swagger-codegen-364149464-364892960:187,other_assert
SzFMV2018-Tavasz-AutomatedCar-351742666-351759763:188,other
SzFMV2018-Tavasz-AutomatedCar-367688128-367699437:189,other,other,other,other,other
thelastpickle-cassandra-reaper-324455111-327555133:190,other
thelastpickle-cassandra-reaper-364710673-365484062:191,other_assert,other_assert,other_assert,other_assert,other_assert,other_assert
thelastpickle-cassandra-reaper-365484062-365554427:192,assert_null,assert_null
Activiti-activiti-cloud-app-service-459060444-459062447:193,other
albfernandez-GDS-PMD-Security-Rules-451155169-455669767:194,assert_int
apache-incubator-dubbo-450828157-450884276:195,error_expected
apache-incubator-tamaya-457807119-461484371:196,other
apereo-java-cas-client-408206584-439486928:197,assert_null
aws-aws-encryption-sdk-java-441438164-441901187:198,other
awslabs-amazon-kinesis-client-446289265-452166805:199,timeout
AxonFramework-AxonFramework-451926440-451937647:200,other
brettwooldridge-HikariCP-446097106-446106182:201,other
classgraph-classgraph-448207270-449613955:202,other
cpesch-RouteConverter-432166807-432169636:203,other,other,other,other,other,other,other,other,other,other,other,other,other,other,other
CSU-CS414-WareWolves-cs414-f18-001-WareWolves-452444119-454548119:204,assert_obj_arr_date,assert_obj_arr_date,assert_obj_arr_date,assert_obj_arr_date,assert_obj_arr_date,assert_obj_arr_date,assert_obj_arr_date,assert_obj_arr_date,assert_obj_arr_date,assert_obj_arr_date
ctripcorp-apollo-444069339-444288772:205,error_expected
danfickle-openhtmltopdf-445988164-446994292:206,other_assert
debezium-debezium-437012651-437020051:208,assert_null,other,assert_null,other
dungba88-libra-436514153-436524727:210,other_assert,other_assert
FasterXML-jackson-dataformats-binary-461131167-461139756:211,other_assert,assert_null
FasterXML-jackson-dataformats-text-430357777-445435582:212,other_assert,other_assert,other_assert,other_assert
HubSpot-Baragon-444834347-445744181:214,other
INRIA-spoon-453383968-453477713:217,other,other,other,other,other,other,other_assert,other,other,other,other,other,other,other,other,other,other,other,other,other,other,other,other,other,other,other,other,other,other,other,other,other,other,other,other,other,other,other,other,other,other,other,other,other,other,other,other,other,other,other,other,other,other,other,other,other,other,other,other,other,other,other,other,other,other,other,other,other,other,other,other,other,other,other,other,other,other,other,other,other,other,other,other,other,other,other,other,other,other,other,other,other,other,other,other,other,other,other,other,other,other,other,other,other,other,other,other,other,other,other,other,other,other,other,other,other,other,other,other,other,other,other,other,other,other,other,other,other,other,other,other,other
INRIA-spoon-454678479-454678770:218,other
javadev-underscore-java-435386942-435396295:220,other_assert
jgrapht-jgrapht-443997242-444189432:222,other
julianps-modelmapper-module-vavr-441307573-461240331:223,other
lettuce-io-lettuce-core-438538449-438808943:225,other,other_assert,assert_null
milaboratory-milib-444855015-444858326:226,other
OpenFeign-feign-454179734-454278346:227,assert_null,other_assert
openmrs-openmrs-module-htmlformentry-452596787-452623087:228,other_assert,other_assert
openmrs-openmrs-module-webservices.rest-455565885-458312291:229,other
paritytrading-foundation-364820616-448899327:232,assert_int,assert_int,assert_int
pippo-java-pippo-446336779-446341967:233,other
rafonsecad-cash-count-435955189-435958219:234,other_assert
rafonsecad-cash-count-435958219-435967865:235,other_assert
raphw-byte-buddy-432194751-432199042:236,other_assert,other_assert,other_assert,other_assert
raphw-byte-buddy-449069943-450332514:237,other
rkonovalov-jsonignore-442009574-442015798:238,other_assert,other_assert
shapesecurity-shift-java-455763022-456154969:239,error_expected
smallcreep-cucumber-seeds-442531821-442559338:240,other_assert
societe-generale-ci-droid-tasks-consumer-420388707-430936160:241,other_assert,other_assert,other_assert,other_assert
SonarOpenCommunity-sonar-cxx-437974912-438070185:242,other_assert
SpoonLabs-gumtree-spoon-ast-diff-431628140-431912220:243,other_assert
spring-projects-spring-data-commons-458393275-458823066:244,other_assert,other_assert,other_assert
square-javapoet-418963407-436938143:245,other_assert
thelinmichael-spotify-web-api-java-441742384-442933713:246,other_assert
vert-x3-vertx-jdbc-client-438227334-440167311:247,assert_int
vert-x3-vertx-web-459797171-460136219:248,timeout
vitorenesduarte-VCD-java-client-437204853-437571024:249,other,other,other,other,other,other,other,other,other
webfirmframework-wff-453188520-453188718:251,other_assert,other_assert
