ARJA,Csv,15,16
ARJA,Cli,11,18,22,40,32
ARJA,JxPath,20,10
ARJA,Codec,8,9
ARJA,Gson,5
ARJA,JacksonCore,11,8
ARJA,Closure,78,15,20,126,169,130,10,3,76,21,5,1,8,165,75,132,68,22,133,155,12,127,7,67,29,125,129
ARJA,Jsoup,90
DynaMoth,Csv,6
DynaMoth,Collections,28
DynaMoth,Cli,14,7
DynaMoth,Codec,2,5,1,8,9
DynaMoth,Gson,15,5,4
DynaMoth,Compress,27,20,31,18,4,19,24
DynaMoth,Closure,20,126,72,2,66,28,3,156,76,21,1,75,115,68,22,155,26,12,19,159,7,29,13,129
DynaMoth,Jsoup,90
GenProg-A,Cli,11,18,22
GenProg-A,JxPath,20,10
GenProg-A,Codec,8,9
GenProg-A,Gson,5
GenProg-A,JacksonCore,11,8
jGenProg,JxPath,20,10,22
jGenProg,Codec,5,8,17,9
jGenProg,Compress,4,126,66,21,68,22,159,129
jGenProg,Jsoup,90
jKali,JxPath,20,10,22
jKali,Codec,8,9
jKali,Compress,4
jKali,Closure,126,66,10,21,22,159,13,129
jKali,Jsoup,90
jMutRepair,JxPath,22
jMutRepair,Codec,15,8,9
Kali-A,Csv,15,16
Kali-A,Cli,11,18,40,19
Kali-A,JxPath,20,10,5,1
Kali-A,Codec,8,9
Kali-A,Gson,5
Kali-A,JacksonCore,8
Kali-A,Closure,78,15,64,20,126,72,131,169,130,170,10,3,156,76,21,5,1,8,165,75,132,68,22,155,26,12,127,159,7,67,29,125,13,129
Kali-A,Jsoup,90
Nopol,Cli,14,13
Nopol,Codec,2,1,9
Nopol,Gson,5,4,13
Nopol,Closure,116,14,15,20,16,126,72,2,131,169,130,66,28,170,10,3,173,156,76,21,5,1,8,18,165,117,75,115,132,22,133,114,155,26,124,113,12,127,159,121,120,67,29,125,13,129
Nopol,Jsoup,90
NPEFix,Cli,15,16,5,25,23,24
NPEFix,Codec,13
RSRepair-A,Cli,11,18,22,40,19
RSRepair-A,JxPath,20,10,5
RSRepair-A,Codec,8,9
RSRepair-A,Gson,5
RSRepair-A,JacksonCore,11
RSRepair-A,JacksonCore,8
RSRepair-A,Closure,78,15,126,169,130,10,21,165,22,155,127,67,129
RSRepair-A,Jsoup,90